Check/EFT #,Payer,Payee,Check/EFT Date,Received by Availity,Check/EFT Amount
23275B1000001555,"BLUE CROSS COMMUNITY HEALTH PLANS","MONITORING ASSOCIATES",10/02/2023,10/03/2023,0.00
823271000302254,"AETNA","MONITORING ASSOCIATES LLC",10/03/2023,09/28/2023,45.39
5421011270VT3,"TRIWEST HEALTHCARE ALLIANCE","MONITORING ASSOCIATES",10/02/2023,09/29/2023,2794.57
882327001014439,"AETNA","MONITORING ASSOCIATES LLC",10/03/2023,09/28/2023,207.18
ST0009051101,"HMO PARTNERS DBA HEALTH ADVANTAGE","MONITORING ASSOCIATES LL",10/03/2023,09/29/2023,643.03
C23271E27027510,"BLUECROSS BLUESHIELD OF ILLINOIS","MONITORING ASSOCIATES LLC",10/02/2023,09/29/2023,1898.85
C23271E05171980,"BLUECROSS BLUESHIELD OF TEXAS","MONITORING ASSOCIATES LLC",10/02/2023,09/29/2023,50.00
CW06689512,"CALPERS","MONITORING ASSOCIATES LLC",10/02/2023,09/29/2023,3190.14
116928724231002,"HUMANA INC.","MONITORING ASSOCIATES",10/01/2023,10/02/2023,393.41
823275000172825,"AETNA","MONITORING ASSOCIATES LLC",10/05/2023,10/02/2023,1340.91
23278B100007324400,"BCBST BLUEADVANTAGE","MONITORING ASSOCIATES LLC",10/05/2023,10/02/2023,1126.06
M23275E26560580,"BLUE CROSS MEDICARE ADVANTAGE C/O PROVIDER SVCS","MONITORING ASSOCIATES LLC",10/03/2023,10/02/2023,376.46
0060005053TA4,"PGBA,LLC","MONITORING ASSOCIATES",10/03/2023,10/03/2023,5826.80
000130102477,"HMO PARTNERS DBA HEALTH ADVANTAGE","MONITORING ASSOCIATES LL",10/06/2023,10/02/2023,0.00
823275000221752,"AETNA","UNIVERSITY NEURO LLC",10/02/2023,10/02/2023,552.59
C23276N35719350,"BLUECROSS BLUESHIELD OF TEXAS","SOUTHERN BELLE NEUROLOGY PLLC",10/03/2023,10/04/2023,0.00
23278B1000679870,"UNITEDHEALTHCARE PLAN OF THE RIVER VALLEY INC","MONITORING ASSOCIATES PROF FEES",10/06/2023,10/04/2023,0.00
9021729826,"BCBS FEP","MONITORING ASSOCIATES LLC",10/02/2023,10/04/2023,0.00
9021748064,"RMHMS, INC. NV","NEUROMONITORING ASSOCIATE",10/02/2023,10/04/2023,0.00
882327601005804,"AETNA","MONITORING ASSOCIATES LLC",10/10/2023,10/04/2023,9009.33
15020057629,"REGENCE BLUECROSS BLUESHIELD OF OREGON","MONITORING ASSOCIATES LLC",10/04/2023,10/04/2023,0.00
0240874295,"REGENCE BCBS OF UTAH FEP","MONITORING ASSOCIATES LLC",10/06/2023,10/04/2023,218.68
9021748169,"RMHMS, INC. NV","MONITORING ASSOCIATES LLC",10/02/2023,10/04/2023,0.00
3222437658,"RMHMS, INC. NV","MONITORING ASSOCIATES LLC",10/03/2023,10/04/2023,21.05
9021746608,"ROCKY MOUNTAIN HOSPITAL&MEDICAL","UNIVERSITY NEURO LLC",10/02/2023,10/04/2023,0.00
3222348067,"ROCKY MOUNTAIN HOSPITAL&MEDICAL","NEUROMONITORING ASSOCIATE",10/03/2023,10/04/2023,598.25
3222500830,"ROCKY MOUNTAIN HOSPITAL&MEDICAL","UNIVERSITY NEURO LLC",10/04/2023,10/04/2023,4976.44
NO-PAY-202310030006588,"HUMANA INC.","MONITORING ASSOCIATES",10/03/2023,10/04/2023,0.00
923277000199485,"AETNA","NEUROMONITORING ASSOCIATE",10/04/2023,10/04/2023,0.00
0171964482,"REGENCE BLUECROSS BLUESHIELD OF UTAH","MONITORING ASSOCIATES LLC",10/06/2023,10/04/2023,72.11
9021747311,"ROCKY MOUNTAIN HOSPITAL&MEDICAL","TCM HEALTHCARE LLC",10/02/2023,10/04/2023,0.00
9021747875,"RMHMS, INC. NV","MCAULIFFE MATTHEW MD",10/02/2023,10/04/2023,0.00
C23276E06299420,"BLUECROSS BLUESHIELD OF TEXAS","PHYSICIAN OVERSIGHT LLC",10/05/2023,10/04/2023,95.78
C23276500688760,"BLUECROSS BLUESHIELD OF NEW MEXICO","MONITORING ASSOCIATES LLC",10/03/2023,10/04/2023,11.36
23275B1000001555,"BLUE CROSS COMMUNITY HEALTH PLANS","MONITORING ASSOCIATES",10/02/2023,10/04/2023,0.00
823277000149188,"AETNA","PHYSICIAN OVERSIGHT LLC",10/04/2023,10/04/2023,876.12
C23275E27356580,"BLUECROSS BLUESHIELD OF ILLINOIS","MONITORING ASSOCIATES LLC",10/04/2023,10/03/2023,2321.27
116985318231003,"HUMANA INC.","MONITORING ASSOCIATES",10/02/2023,10/03/2023,103.15
C23275E05951330,"BLUECROSS BLUESHIELD OF TEXAS","PHYSICIAN OVERSIGHT LLC",10/04/2023,10/03/2023,10763.00
882327201010929,"AETNA","MONITORING ASSOCIATES LLC",10/04/2023,09/30/2023,635.23
C23272E05550230,"BLUECROSS BLUESHIELD OF TEXAS","PHYSICIAN OVERSIGHT LLC",10/03/2023,09/30/2023,428.01
C23271E05171690,"BLUECROSS BLUESHIELD OF TEXAS","PHYSICIAN OVERSIGHT LLC",10/02/2023,09/29/2023,12904.45
C23272E27188340,"BLUECROSS BLUESHIELD OF ILLINOIS","MONITORING ASSOCIATES LLC",10/03/2023,09/30/2023,1373.49
C23276E06299390,"BLUECROSS BLUESHIELD OF TEXAS","PHYSICIAN OVERSIGHT LLC",10/05/2023,10/04/2023,30762.87
C23276E27472700,"BLUECROSS BLUESHIELD OF ILLINOIS","MONITORING ASSOCIATES LLC",10/05/2023,10/04/2023,476.94
9021862113,"BCBS HEALTHCARE PLAN OF GA","UNIVERSITY NEURO LLC",10/04/2023,10/05/2023,0.00
923279000116660,"AETNA","PHYSICIAN OVERSIGHT LLC",10/06/2023,10/06/2023,0.00
11689801,"BLUE CROSS COMMUNITY HEALTH PLANS","MONITORING ASSOCIATES",10/04/2023,10/06/2023,4962.22
NO-PAY-202310040008721,"HUMANA INC.","MONITORING ASSOCIATES",10/04/2023,10/05/2023,0.00
C23276N35725920,"BLUECROSS BLUESHIELD OF TEXAS","HARROD HEALTHCARE SERVICES",10/03/2023,10/04/2023,0.00
9021856492,"RMHMS, INC. NV","MONITORING ASSOCIATES LLC",10/04/2023,10/05/2023,0.00
117127549231005,"HUMANA INC.","MONITORING ASSOCIATES",10/04/2023,10/05/2023,620.34
23279B1000033801,"ARIZONA PHYSICIANS IPA INC","MONITORING ASSOCIATES",10/10/2023,10/05/2023,0.00
C23276E06299400,"BLUECROSS BLUESHIELD OF TEXAS","PHYSICIAN OVERSIGHT LLC",10/05/2023,10/04/2023,30075.95
923278000246617,"AETNA","UNIVERSITY NEURO LLC",10/05/2023,10/05/2023,0.00
823278000262661,"AETNA","PHYSICIAN OVERSIGHT LLC",10/05/2023,10/05/2023,2108.88
823278000202192,"AETNA","MONITORING ASSOCIATES LLC",10/05/2023,10/05/2023,652.02
CHKHST31421437,"MOLINA HEALTHCARE NEVADA","MONITORING ASSOCIATES LLC",10/02/2023,10/05/2023,0.00
3222627917,"BCBS HEALTHCARE PLAN OF GA","UNIVERSITY NEURO LLC",10/05/2023,10/05/2023,4999.63
0171966340,"REGENCE BLUECROSS BLUESHIELD OF UTAH","MONITORING ASSOCIATES LLC",10/09/2023,10/05/2023,213.80
9021862192,"BCBS HEALTHCARE PLAN OF GA","PEACHTREE NEUROMONITORING",10/04/2023,10/05/2023,0.00
C23277E06673010,"BLUECROSS BLUESHIELD OF TEXAS","PHYSICIAN OVERSIGHT LLC",10/06/2023,10/05/2023,19626.93
823279000116662,"AETNA","PHYSICIAN OVERSIGHT LLC",10/06/2023,10/06/2023,879.61
882327801005425,"AETNA","Monitoring Associates LLC",10/06/2023,10/06/2023,4361.99
124888,"DEVOTED HEALTH PLAN OF ILLINOIS, INC.","MONITORING ASSOCIATES",10/10/2023,10/06/2023,147.15
9021853778,"ANTHEM INSURANCE COMPANIES, INC.","NEUROMONITORING ASSOCIATE",10/04/2023,10/05/2023,0.00
M23278E26652370,"BLUE CROSS MEDICARE ADVANTAGE C/O PROVIDER SVCS","MONITORING ASSOCIATES LLC",10/06/2023,10/05/2023,4822.83
923278000292879,"AETNA","NEUROMONITORING ASSOCIATE",10/05/2023,10/05/2023,0.00
C23277E06672990,"BLUECROSS BLUESHIELD OF TEXAS","PHYSICIAN OVERSIGHT LLC",10/06/2023,10/05/2023,261.84
C23276433668350,"BLUECROSS BLUESHIELD OF TEXAS","MONITORING ASSOCIATES LLC",10/03/2023,10/04/2023,92.68
117127550231005,"HUMANA INC.","MONITORING ASSOCIATES",10/04/2023,10/05/2023,512.67
C23278N35942840,"BLUECROSS BLUESHIELD OF TEXAS","PHYSICIAN OVERSIGHT LLC",10/05/2023,10/06/2023,0.00
5455858279VT4,"TRIWEST HEALTHCARE ALLIANCE","MONITORING ASSOCIATES",10/06/2023,10/07/2023,95.04
C23278N35942990,"BLUECROSS BLUESHIELD OF TEXAS","MONITORING ASSOCIATES LLC",10/05/2023,10/06/2023,0.00
EFT2381720,"MOLINA MEDICARE","MONITORING ASSOCIATES LLC",10/06/2023,10/09/2023,362.26
C23279E27856110,"BLUECROSS BLUESHIELD OF ILLINOIS","MONITORING ASSOCIATES LLC",10/11/2023,10/07/2023,103.06
C23279E07373730,"BLUECROSS BLUESHIELD OF TEXAS","MONITORING ASSOCIATES LLC",10/11/2023,10/07/2023,1114.33
923282000210045,"AETNA","UNIVERSITY NEURO LLC",10/09/2023,10/09/2023,0.00
C23279N36003790,"BLUECROSS BLUESHIELD OF TEXAS","PHYSICIAN OVERSIGHT LLC",10/06/2023,10/07/2023,0.00
9021955660,"ANTHEM HEALTH PLANS OF NH","MOCHIZUKI KEVIN AUD",10/06/2023,10/07/2023,0.00
9021889718,"ANTHEM INSURANCE COMPANIES, INC.","MONITORING ASSOCIATES LLC",10/05/2023,10/06/2023,0.00
C23279E07373230,"BLUECROSS BLUESHIELD OF TEXAS","PHYSICIAN OVERSIGHT LLC",10/11/2023,10/07/2023,21648.87
C23279E07373210,"BLUECROSS BLUESHIELD OF TEXAS","PHYSICIAN OVERSIGHT LLC",10/11/2023,10/07/2023,1089.81
823283000152121,"AETNA","PHYSICIAN OVERSIGHT LLC",10/13/2023,10/10/2023,345.00
923283000152118,"AETNA","PHYSICIAN OVERSIGHT LLC",10/10/2023,10/10/2023,0.00
23281B1000278813,"UNITEDHEALTHCARE PLAN OF THE RIVER VALLEY INC","MONITORING ASSOCIATES",10/12/2023,10/09/2023,1796.18
117403153231009,"HUMANA INC.","MONITORING ASSOCIATES",10/08/2023,10/09/2023,43.95
823283000152119,"AETNA","PHYSICIAN OVERSIGHT LLC",10/13/2023,10/10/2023,9095.00
923284000280297,"AETNA","PEACHTREE NEUROMONITORING",10/11/2023,10/11/2023,0.00
923284000264978,"AETNA","NEUROMONITORING ASSOCIATES LLC,MCKENNA",10/11/2023,10/11/2023,0.00
580667,"DUPAGE MEDICAL GROUP, LTD","MONITORING ASSOCIATES LLC",10/11/2023,10/11/2023,0.00
0171968707,"REGENCE BLUECROSS BLUESHIELD OF UTAH","MONITORING ASSOCIATES LLC",10/13/2023,10/11/2023,21.05
C23283E08130470,"BLUECROSS BLUESHIELD OF TEXAS","MONITORING ASSOCIATES LLC",10/12/2023,10/11/2023,3479.17
NO-PAY-202310100006620,"HUMANA INC.","MONITORING ASSOCIATES",10/10/2023,10/11/2023,0.00
716230,"DEVOTED HEALTH PLAN OF TEXAS, INC.","MONITORING ASSOCIATES",10/13/2023,10/11/2023,56.45
CHKHST31457188,"MOLINA HEALTHCARE UTAH","MONITORING ASSOCIATES LLC",10/09/2023,10/12/2023,0.00
C23283E08130450,"BLUECROSS BLUESHIELD OF TEXAS","MONITORING ASSOCIATES LLC",10/12/2023,10/11/2023,142.84
823285000242498,"AETNA","PHYSICIAN OVERSIGHT LLC",10/17/2023,10/12/2023,4759.02
882328301008755,"AETNA","MONITORING ASSOCIATES LLC",10/16/2023,10/11/2023,1652.75
C23283E08130010,"BLUECROSS BLUESHIELD OF TEXAS","PHYSICIAN OVERSIGHT LLC",10/12/2023,10/11/2023,53126.30
9022080282,"ANTHEM BCBS HEALTHCARE SOLUTIONS","MONITORING ASSOCIATES LLC",10/10/2023,10/11/2023,0.00
923284000313359,"AETNA","MONITORING ASSOCIATES LLC",10/11/2023,10/11/2023,0.00
216033005631808,"BLUE CROSS BLUE SHIELD OF ALABAMA","MONITORING ASSOCIATES LLC",10/12/2023,10/11/2023,2425.25
23285B1000041017,"ARIZONA PHYSICIANS IPA INC","MONITORING ASSOCIATES PROF FEES",10/16/2023,10/12/2023,0.00
C23284E08489040,"BLUECROSS BLUESHIELD OF TEXAS","PHYSICIAN OVERSIGHT LLC",10/13/2023,10/12/2023,22433.24
117661900231012,"HUMANA INC.","MONITORING ASSOCIATES",10/11/2023,10/12/2023,448.49
823286000030391,"AETNA","C & C NEUROLOGICAL ASSOCIATES PLLC,MARCOS,J",10/13/2023,10/13/2023,71.13
992328401038718,"AETNA","Peachtree Neuromonitoring",10/12/2023,10/12/2023,0.00
23284B1000768641,"UNITEDHEALTHCARE","MONITORING ASSOCIATES",10/13/2023,10/11/2023,1813.74
248111,"DEVOTED HEALTH PLAN OF ARIZONA, INC.","MONITORING ASSOCIATES",10/13/2023,10/12/2023,343.17
M23285E26859110,"BLUE CROSS MEDICARE ADVANTAGE C/O PROVIDER SVCS","MONITORING ASSOCIATES LLC",10/13/2023,10/12/2023,5699.48
882328401021999,"AETNA","MONITORING ASSOCIATES LLC",10/17/2023,10/12/2023,459.00
23285B1000002454,"BLUE CROSS MEDICARE ADVANTAGE C/O PROVIDER SVCS","MONITORING ASSOCIATES LLC",10/12/2023,10/12/2023,0.00
9021986367,"ROCKY MOUNTAIN HOSPITAL&MEDICAL","PEAK NEURO MONITORING LLC",10/09/2023,10/10/2023,0.00
9021987318,"RMHMS, INC. NV","NEUROMONITORING ASSOCIATE",10/09/2023,10/10/2023,0.00
9021987552,"RMHMS, INC. NV","MONITORING ASSOCIATES LLC",10/09/2023,10/10/2023,0.00
3223038663,"ANTHEM INSURANCE COMPANIES, INC.","MONITORING ASSOCIATES LLC",10/10/2023,10/10/2023,250.22
9021987864,"RMHMS, INC. NV","NEUROMONITORING ASSOCIATE",10/09/2023,10/10/2023,0.00
9021984760,"ROCKY MOUNTAIN HOSPITAL&MEDICAL","MONITORING ASSOCIATES LLC",10/09/2023,10/10/2023,0.00
9021971031,"BCBS FEP","MONITORING ASSOCIATES LLC",10/09/2023,10/10/2023,0.00
C23282E07764600,"BLUECROSS BLUESHIELD OF TEXAS","PHYSICIAN OVERSIGHT LLC",10/11/2023,10/10/2023,54675.16
117324516231008,"HUMANA INC.","MONITORING ASSOCIATES",10/07/2023,10/09/2023,181.67
9021986829,"ROCKY MOUNTAIN HOSPITAL&MEDICAL","NEUROMONITORING ASSOCIATE",10/09/2023,10/10/2023,0.00
9021987874,"RMHMS, INC. NV","MONITORING ASSOCIATES LLC",10/09/2023,10/10/2023,0.00
C23282N36076990,"BLUECROSS BLUESHIELD OF TEXAS","MONITORING ASSOCIATES LLC",10/09/2023,10/10/2023,0.00
4000094370,"TRICARE EAST","MONITORING ASSOCIATES",10/16/2023,10/13/2023,256.09
C23285N36360560,"BLUECROSS BLUESHIELD OF TEXAS","PHYSICIAN OVERSIGHT LLC",10/12/2023,10/13/2023,0.00
117731531231013,"HUMANA INC.","MONITORING ASSOCIATES",10/12/2023,10/13/2023,263.83
C23285E08852740,"BLUECROSS BLUESHIELD OF TEXAS","PHYSICIAN OVERSIGHT LLC",10/16/2023,10/13/2023,16576.30
9022108518,"BCBS HEALTHCARE PLAN OF GA","UNIVERSITY NEURO LLC",10/11/2023,10/13/2023,0.00
3223289208,"ANTHEM INSURANCE COMPANIES, INC.","MONITORING ASSOCIATES LLC",10/12/2023,10/13/2023,324.72
9022087904,"BCBS FEP","MONITORING ASSOCIATES LLC",10/11/2023,10/13/2023,0.00
23287B1000459483,"UNITEDHEALTHCARE PLAN OF THE RIVER VALLEY INC","MONITORING ASSOCIATES",10/17/2023,10/13/2023,0.00
C23285E28404180,"BLUECROSS BLUESHIELD OF ILLINOIS","MONITORING ASSOCIATES LLC",10/16/2023,10/13/2023,2286.16
C23285N36344230,"BLUECROSS BLUESHIELD OF TEXAS","CYPRESS READING PLLC",10/12/2023,10/13/2023,0.00
3223326234,"BCBS HEALTHCARE PLAN OF GA","UNIVERSITY NEURO LLC",10/13/2023,10/13/2023,8640.18
C23286E09206630,"BLUECROSS BLUESHIELD OF TEXAS","PHYSICIAN OVERSIGHT LLC",10/17/2023,10/14/2023,2060.21
3223326235,"BCBS HEALTHCARE PLAN OF GA","UNIVERSITY NEURO",10/13/2023,10/15/2023,6531.86
9022151083,"AMERIGROUP INSURANCE COMPANY","MONITORING ASSOCIATES LLC",10/12/2023,10/15/2023,0.00
117811772231014,"HUMANA INC.","MONITORING ASSOCIATES",10/13/2023,10/14/2023,645.46
823289000164446,"AETNA","PHYSICIAN OVERSIGHT LLC",10/19/2023,10/16/2023,3239.98
CHKHST31475283,"MOLINA HEALTHCARE NEVADA","MONITORING ASSOCIATES LLC",10/13/2023,10/16/2023,0.00
117974134231016,"HUMANA INC.","MONITORING ASSOCIATES",10/15/2023,10/16/2023,263.83
882328701012899,"AETNA","MONITORING ASSOCIATES LLC",10/19/2023,10/16/2023,2836.20
4000111156,"TRICARE EAST","MONITORING ASSOCIATES",10/17/2023,10/14/2023,93.06
9022094573,"ANTHEM INSURANCE COMPANIES, INC.","MONITORING ASSOCIATES LLC",10/11/2023,10/14/2023,0.00
C23286E28560330,"BLUECROSS BLUESHIELD OF ILLINOIS","MONITORING ASSOCIATES LLC",10/17/2023,10/14/2023,3075.70
9022095428,"ANTHEM INSURANCE COMPANIES, INC.","MONITORING ASSOCIATES LLC",10/11/2023,10/14/2023,0.00
Z232870815,"CALPERS","NEUROMONITORING ASSOCIATE",10/14/2023,10/15/2023,0.00
117811771231014,"HUMANA INC.","MONITORING ASSOCIATES",10/13/2023,10/14/2023,99.29
882328701012899,"AETNA","MONITORING ASSOCIATES LLC",10/19/2023,10/16/2023,2836.20
9022094573,"ANTHEM INSURANCE COMPANIES, INC.","MONITORING ASSOCIATES LLC",10/11/2023,10/14/2023,0.00
9022096033,"ANTHEM INSURANCE COMPANIES, INC.","NEUROMONITORING ASSOCIATE",10/11/2023,10/14/2023,0.00
4000111156,"TRICARE EAST","MONITORING ASSOCIATES",10/17/2023,10/14/2023,93.06
9022095428,"ANTHEM INSURANCE COMPANIES, INC.","MONITORING ASSOCIATES LLC",10/11/2023,10/14/2023,0.00
C23286E09206650,"BLUECROSS BLUESHIELD OF TEXAS","PHYSICIAN OVERSIGHT LLC",10/17/2023,10/14/2023,2485.06
C23286E09206630,"BLUECROSS BLUESHIELD OF TEXAS","PHYSICIAN OVERSIGHT LLC",10/17/2023,10/14/2023,2060.21
C23286E28560330,"BLUECROSS BLUESHIELD OF ILLINOIS","MONITORING ASSOCIATES LLC",10/17/2023,10/14/2023,3075.70
NO-PAY-202310170006866,"HUMANA INC.","JBJ INVESTMENTS LLC",10/17/2023,10/18/2023,0.00
9974561169,"AARP SUPPLEMENTAL HEALTH PLANS FROM UNITEDHEALTHCARE","MONITORING ASSOCIATES",10/20/2023,10/18/2023,82.37
882329001006244,"AETNA","MONITORING ASSOCIATES LLC",10/23/2023,10/18/2023,11502.25
C23289E09602020,"BLUECROSS BLUESHIELD OF TEXAS","PHYSICIAN OVERSIGHT LLC",10/18/2023,10/17/2023,7514.54
15021075211,"REGENCE BLUECROSS BLUESHIELD OF UTAH","MONITORING ASSOCIATES LLC",10/17/2023,10/17/2023,0.00
0060023063TA4,"PGBA,LLC","MONITORING ASSOCIATES",10/18/2023,10/18/2023,1324.11
5480434286VT4,"TRIWEST HEALTHCARE ALLIANCE","MONITORING ASSOCIATES",10/18/2023,10/17/2023,1169.72
C23290E09976710,"BLUECROSS BLUESHIELD OF TEXAS","MONITORING ASSOCIATES LLC",10/19/2023,10/18/2023,240.23
173464,"MOLINA HEALTHCARE NEVADA","MONITORING ASSOCIATES LLC",10/16/2023,10/19/2023,305.43
823292000127265,"AETNA","PHYSICIAN OVERSIGHT LLC",10/24/2023,10/19/2023,8187.00
823292000127275,"AETNA","PHYSICIAN OVERSIGHT LLC",10/24/2023,10/19/2023,43.67
C23290E28850620,"BLUECROSS BLUESHIELD OF ILLINOIS","MONITORING ASSOCIATES LLC",10/19/2023,10/18/2023,2526.93
23294B1000015143,"ARIZONA PHYSICIANS IPA INC","MONITORING ASSOCIATES PROF FEES",10/24/2023,10/20/2023,0.00
C23292500897570,"BLUECROSS BLUESHIELD OF NEW MEXICO","MONITORING ASSOCIATES LLC",10/19/2023,10/20/2023,43.95
9022293286,"COMPCARE HEALTH SERVICE INS CORP","MONITORING ASSOCIATES LLC",10/17/2023,10/20/2023,0.00
3224080873,"ANTHEM BC LIFE & HEALTH INS CO","MONITORING ASSOCIATES LLC",10/23/2023,10/21/2023,45.99
9022439781,"ANTHEM HEALTH PLANS OF NH","TCM HEALTHCARE LLC",10/20/2023,10/21/2023,0.00
C23293N36852200,"BLUECROSS BLUESHIELD OF TEXAS","PHYSICIAN OVERSIGHT LLC",10/20/2023,10/21/2023,0.00
9022217393,"BCBS FEP","MONITORING ASSOCIATES LLC",10/16/2023,10/19/2023,0.00
9022234635,"RMHMS, INC. NV","MONITORING ASSOCIATES LLC",10/16/2023,10/19/2023,0.00
923293000090832,"AETNA","ALLIANCE MEDICAL ANALYTICS, LLC",10/20/2023,10/20/2023,0.00
M23292E26961710,"BLUE CROSS MEDICARE ADVANTAGE C/O PROVIDER SVCS","MONITORING ASSOCIATES LLC",10/20/2023,10/19/2023,182.66
C23291E01905460,"BLUECROSS BLUESHIELD OF NEW MEXICO","MONITORING ASSOCIATES LLC",10/20/2023,10/19/2023,43.70
9975165780,"AARP SUPPLEMENTAL HEALTH PLANS FROM UNITEDHEALTHCARE","MONITORING ASSOCIATES",10/23/2023,10/19/2023,86.59
C23291E10355610,"BLUECROSS BLUESHIELD OF TEXAS","PHYSICIAN OVERSIGHT LLC",10/20/2023,10/19/2023,179.43
118218316231019,"HUMANA INC.","MONITORING ASSOCIATES",10/18/2023,10/19/2023,218.55
882329101009181,"AETNA","MONITORING ASSOCIATES LLC",10/24/2023,10/19/2023,1622.95
C23291N36706300,"BLUECROSS BLUESHIELD OF TEXAS","MONITORING ASSOCIATES LLC",10/18/2023,10/19/2023,0.00
C23291E10355570,"BLUECROSS BLUESHIELD OF TEXAS","PHYSICIAN OVERSIGHT LLC",10/20/2023,10/19/2023,13936.73
9022234956,"RMHMS, INC. NV","MONITORING ASSOCIATES LLC",10/16/2023,10/19/2023,0.00
NO-PAY-202310180008122,"HUMANA INC.","MONITORING ASSOCIATES",10/18/2023,10/19/2023,0.00
0154867491,"REGENCE BLUECROSS BLUESHIELD OF OREGON","MONITORING ASSOCIATES LLC",10/23/2023,10/19/2023,780.80
V502494299 20231020,"BCBSM","MONITORING ASSOCIATES LLC",10/20/2023,10/21/2023,0.00
118284624231020,"HUMANA INC.","MONITORING ASSOCIATES",10/19/2023,10/20/2023,263.83
C23292E10727950,"BLUECROSS BLUESHIELD OF TEXAS","PHYSICIAN OVERSIGHT LLC",10/23/2023,10/20/2023,45560.86
C23292E29112620,"BLUECROSS BLUESHIELD OF ILLINOIS","MONITORING ASSOCIATES LLC",10/23/2023,10/20/2023,20.10
C23292E10728460,"BLUECROSS BLUESHIELD OF TEXAS","MONITORING ASSOCIATES LLC",10/23/2023,10/20/2023,809.34
923294000001468,"AETNA","UNIVERSITY NEURO LLC",10/21/2023,10/21/2023,0.00
CHKHST35588402,"SENIOR WHOLE HEALTH MASSACHUSETTS","MONITORING ASSOCIATES LLC",10/03/2023,10/22/2023,0.00
Z232940905,"CALPERS","MONITORING ASSOCIATES LLC",10/21/2023,10/22/2023,0.00
NO-PAY-202310210004987,"HUMANA INC.","MONITORING ASSOCIATES",10/21/2023,10/22/2023,0.00
9022331257,"ANTHEM INSURANCE COMPANIES, INC.","MONITORING ASSOCIATES LLC",10/18/2023,10/20/2023,0.00
9022318680,"ANTHEM BCBS HEALTHCARE SOLUTIONS","MONITORING ASSOCIATES LLC",10/17/2023,10/20/2023,0.00
9022332974,"ANTHEM INSURANCE COMPANIES, INC.","TCM HEALTHCARE LLC",10/18/2023,10/20/2023,0.00
9022332821,"ANTHEM INSURANCE COMPANIES, INC.","NEUROMONITORING ASSOCIATE",10/18/2023,10/20/2023,0.00
9022299959,"ANTHEM BC LIFE & HEALTH INS CO","NEUROMONITORING ASSOCIATE",10/17/2023,10/20/2023,0.00
CHKHST31497853,"MOLINA HEALTHCARE UTAH","MONITORING ASSOCIATES LLC",10/19/2023,10/22/2023,0.00
823296000194616,"AETNA","UNIVERSITY NEURO LLC",10/23/2023,10/23/2023,77.38
923296000241968,"AETNA","ATLANTA NEUROLOGY, LLC",10/23/2023,10/23/2023,0.00
23299B100067676000,"BLUECROSS BLUESHIELD OF TENNESSEE","MONITORING ASSOCIATES LLC",10/22/2023,10/23/2023,0.00
992329301018763,"AETNA","MONITORING ASSOCIATES LLC",10/21/2023,10/23/2023,0.00
23299B100007238900,"BCBST BLUEADVANTAGE","MONITORING ASSOCIATES LLC",10/22/2023,10/23/2023,0.00
C23296N36925610,"BLUECROSS BLUESHIELD OF TEXAS","MONITORING ASSOCIATES LLC",10/23/2023,10/24/2023,0.00
3224222736,"ROCKY MOUNTAIN HOSPITAL&MEDICAL","ALLIANCE MEDICAL ANALYTIC",10/24/2023,10/24/2023,6034.54
9022474092,"RMHMS, INC. NV","MONITORING ASSOCIATES LLC",10/23/2023,10/24/2023,0.00
9022474347,"RMHMS, INC. NV","MONITORING ASSOCIATES LLC",10/23/2023,10/24/2023,0.00
3224232341,"RMHMS, INC. NV","MONITORING ASSOCIATES LLC",10/24/2023,10/24/2023,105.33
9022474383,"RMHMS, INC. NV","MONITORING ASSOCIATES LLC",10/23/2023,10/24/2023,0.00
3224135651,"ROCKY MOUNTAIN HOSPITAL&MEDICAL","UNIVERSITY NEURO LLC",10/24/2023,10/24/2023,681.24
C23275E05951320,"BLUECROSS BLUESHIELD OF TEXAS","PHYSICIAN OVERSIGHT LLC",10/04/2023,10/03/2023,5268.56
23279B100011962600,"VSHP BLUECARE RISK EAST/WEST","MONITORING ASSOCIATES LLC",10/01/2023,10/03/2023,0.00
230930090058981,"CIGNA HEALTH AND LIFE INSURANCE COMPANY","NEUROMONITORING ASC LLC",10/04/2023,10/03/2023,3600.00
9967867411,"AARP SUPPLEMENTAL HEALTH PLANS FROM UNITEDHEALTHCARE","MONITORING ASSOCIATES",10/05/2023,10/03/2023,447.87
823277000149188,"AETNA","PHYSICIAN OVERSIGHT LLC",10/10/2023,10/04/2023,876.12
C23272E05550220,"BLUECROSS BLUESHIELD OF TEXAS","PHYSICIAN OVERSIGHT LLC",10/03/2023,09/30/2023,52848.31
3222282997,"AMERIGROUP INSURANCE COMPANY","MONITORING ASSOCIATES LLC",10/02/2023,09/30/2023,21.32
C23272E02150830,"BLUECROSS BLUESHIELD OF TEXAS","MONITORING ASSOCIATES LLC",10/03/2023,09/30/2023,1403.81
823275000140164,"AETNA","PHYSICIAN OVERSIGHT LLC",10/05/2023,10/02/2023,249.66
0012536573VT4,"TRIWEST HEALTHCARE ALLIANCE","MONITORING ASSOCIATES",10/02/2023,10/03/2023,508.14
882327301006041,"AETNA","MONITORING ASSOCIATES LLC",10/05/2023,10/02/2023,3105.11
23273B1000012280,"ARIZONA PHYSICIANS IPA INC","MONITORING ASSOCIATES",10/04/2023,10/02/2023,0.00
5430948272VT3,"TRIWEST HEALTHCARE ALLIANCE","MONITORING ASSOCIATES",10/04/2023,10/03/2023,1674.77
210918559,"Florida Blue","MONITORING ASSOCIATES, LLC",10/02/2023,10/03/2023,112.89
C23275N35659200,"BLUECROSS BLUESHIELD OF TEXAS","MONITORING ASSOCIATES LLC",10/02/2023,10/03/2023,0.00
C23275E27356560,"BLUECROSS BLUESHIELD OF ILLINOIS","MONITORING ASSOCIATES LLC",10/04/2023,10/03/2023,1616.20
116985316231003,"HUMANA INC.","MONITORING ASSOCIATES",10/02/2023,10/03/2023,717.80
882327601005804,"AETNA","Monitoring Associates LLC",10/04/2023,10/04/2023,9009.33
823277000057674,"AETNA","RIVERVIEW NEUROLOGY",10/04/2023,10/04/2023,6705.60
9021839624,"ANTHEM BCBS HEALTHCARE SOLUTIONS","MONITORING ASSOCIATES LLC",10/03/2023,10/04/2023,0.00
0209256196,"ANTHEM HEALTH PLANS OF KY, INC.","C & C NEUROLOGICAL ASSOCIATES PLLC",10/03/2023,10/04/2023,89.84
C23276N35719340,"BLUECROSS BLUESHIELD OF TEXAS","SOUTHERN BELLE NEUROLOGY PLLC",10/03/2023,10/04/2023,0.00
3222427793,"ROCKY MOUNTAIN HOSPITAL&MEDICAL","ALLIANCE MEDICAL ANALYTIC",10/03/2023,10/04/2023,1396.55
9021747876,"RMHMS, INC. NV","MONITORING ASSOCIATES LLC",10/02/2023,10/04/2023,0.00
3222437657,"RMHMS, INC. NV","MONITORING ASSOCIATES",10/03/2023,10/04/2023,115.81
9021810413,"ANTHEM INSURANCE COMPANIES, INC.","MONITORING ASSOCIATES LLC",10/03/2023,10/04/2023,0.00
216033005624476,"BLUE CROSS BLUE SHIELD OF ALABAMA","MONITORING ASSOCIATES LLC",10/05/2023,10/04/2023,980.35
3222437659,"AMERIGROUP INSURANCE COMPANY","MONITORING ASSOCIATES LLC",10/03/2023,10/04/2023,83.60
C23276N35725910,"BLUECROSS BLUESHIELD OF TEXAS","HARROD HEALTHCARE SERVICES",10/03/2023,10/04/2023,0.00
C23276E02255970,"BLUECROSS BLUESHIELD OF TEXAS","PHYSICIAN OVERSIGHT LLC",10/05/2023,10/04/2023,221.55
9967294574,"AARP SUPPLEMENTAL HEALTH PLANS FROM UNITEDHEALTHCARE","MONITORING ASSOCIATES",10/04/2023,09/30/2023,66.44
823275000172826,"AETNA","MONITORING ASSOCIATES LLC",10/05/2023,10/02/2023,871.45
23275B1000032686,"BLUE CROSS MEDICARE ADVANTAGE C/O PROVIDER SVCS","MONITORING ASSOCIATES LLC",10/02/2023,10/02/2023,0.00
C23272E27188330,"BLUECROSS BLUESHIELD OF ILLINOIS","MONITORING ASSOCIATES LLC",10/03/2023,09/30/2023,2830.85
3222282998,"AMERIGROUP INSURANCE COMPANY","MONITORING ASSOCIATES LLC",10/02/2023,09/30/2023,83.60
C23272E05550820,"BLUECROSS BLUESHIELD OF TEXAS","MONITORING ASSOCIATES LLC",10/03/2023,09/30/2023,292.52
9966221568,"AARP SUPPLEMENTAL HEALTH PLANS FROM UNITEDHEALTHCARE","MONITORING ASSOCIATES",10/02/2023,09/28/2023,41.65
CW06695305,"CALPERS","MONITORING ASSOCIATES LLC",10/02/2023,09/29/2023,200.49
C23271E27027520,"BLUECROSS BLUESHIELD OF ILLINOIS","MONITORING ASSOCIATES LLC",10/02/2023,09/29/2023,152.65
C23271E00692540,"BLUECROSS BLUESHIELD OF NEW MEXICO","MONITORING ASSOCIATES LLC",10/02/2023,09/29/2023,5063.45
C23271E27027500,"BLUECROSS BLUESHIELD OF ILLINOIS","MONITORING ASSOCIATES LLC",10/02/2023,09/29/2023,509.12
882326901007152,"AETNA","MONITORING ASSOCIATES LLC",10/02/2023,09/27/2023,4471.25
823271000299113,"AETNA","PHYSICIAN OVERSIGHT LLC",10/03/2023,09/28/2023,1098.59
241102,"DEVOTED HEALTH PLAN OF ARIZONA, INC.","MONITORING ASSOCIATES",10/02/2023,09/28/2023,179.09
3222162292,"COMPCARE HEALTH SERVICE INS CORP","MONITORING ASSOCIATES LLC",10/02/2023,09/29/2023,272.08
C23271E05171700,"BLUECROSS BLUESHIELD OF TEXAS","PHYSICIAN OVERSIGHT LLC",10/02/2023,09/29/2023,2293.50
23275B1000001555,"BLUE CROSS COMMUNITY HEALTH PLANS","MONITORING ASSOCIATES",10/02/2023,10/05/2023,0.00
23275B1000001555,"BLUE CROSS COMMUNITY HEALTH PLANS","MONITORING ASSOCIATES",10/02/2023,10/06/2023,0.00
923279000116656,"AETNA","PHYSICIAN OVERSIGHT LLC",10/06/2023,10/06/2023,0.00
117127551231005,"HUMANA INC.","MONITORING ASSOCIATES",10/04/2023,10/05/2023,1825.37
9021853226,"ANTHEM INSURANCE COMPANIES, INC.","MONITORING ASSOCIATES LLC",10/04/2023,10/05/2023,0.00
9969229505,"AARP SUPPLEMENTAL HEALTH PLANS FROM UNITEDHEALTHCARE","MONITORING ASSOCIATES",10/10/2023,10/05/2023,133.65
9021852557,"ANTHEM INSURANCE COMPANIES, INC.","NEUROMONITORING ASSOCIATE",10/04/2023,10/05/2023,0.00
23279B1000041679,"ARIZONA PHYSICIANS IPA INC","MONITORING ASSOCIATES PROF FEES",10/10/2023,10/05/2023,0.00
882327701010635,"AETNA","MONITORING ASSOCIATES LLC",10/11/2023,10/05/2023,3100.96
923279000083507,"AETNA","OVERLOOK NEUROLOGY, LLC",10/06/2023,10/06/2023,0.00
C23278E07015770,"BLUECROSS BLUESHIELD OF TEXAS","PHYSICIAN OVERSIGHT LLC",10/10/2023,10/06/2023,31555.96
3222695659,"ANTHEM INSURANCE COMPANIES, INC.","MONITORING ASSOCIATES LLC",10/05/2023,10/05/2023,9.50
9021853849,"ANTHEM INSURANCE COMPANIES, INC.","MONITORING ASSOCIATES LLC",10/04/2023,10/05/2023,0.00
823278000202185,"AETNA","MONITORING ASSOCIATES LLC",10/11/2023,10/05/2023,193.24
9021854088,"ANTHEM INSURANCE COMPANIES, INC.","TCM HEALTHCARE LLC",10/04/2023,10/05/2023,0.00
C23276N35803410,"BLUECROSS BLUESHIELD OF TEXAS","MONITORING ASSOCIATES LLC",10/03/2023,10/04/2023,0.00
C23278N35942980,"BLUECROSS BLUESHIELD OF TEXAS","MONITORING ASSOCIATES LLC",10/05/2023,10/06/2023,0.00
9969927069,"AARP SUPPLEMENTAL HEALTH PLANS FROM UNITEDHEALTHCARE","MONITORING ASSOCIATES",10/11/2023,10/06/2023,252.67
C23278E02352890,"BLUECROSS BLUESHIELD OF TEXAS","PHYSICIAN OVERSIGHT LLC",10/10/2023,10/06/2023,2671.37
117196250231006,"HUMANA INC.","MONITORING ASSOCIATES",10/05/2023,10/06/2023,103.16
23279B1000001224,"BLUE CROSS COMMUNITY HEALTH PLANS","MONITORING ASSOCIATES",10/06/2023,10/07/2023,0.00
EFT597368,"MOLINA MEDICARE","MONITORING ASSOCIATES LLC",10/04/2023,10/07/2023,324.79
11689801,"BLUE CROSS COMMUNITY HEALTH PLANS","MONITORING ASSOCIATES",10/04/2023,10/07/2023,4962.22
9021920698,"ANTHEM INSURANCE COMPANIES, INC.","MONITORING ASSOCIATES LLC",10/06/2023,10/07/2023,0.00
C23279E07373750,"BLUECROSS BLUESHIELD OF TEXAS","MONITORING ASSOCIATES LLC",10/11/2023,10/07/2023,1413.47
882327901003734,"AETNA","MONITORING ASSOCIATES LLC",10/12/2023,10/07/2023,4111.53
C23279E27856120,"BLUECROSS BLUESHIELD OF ILLINOIS","MONITORING ASSOCIATES LLC",10/11/2023,10/07/2023,2768.78
9021951121,"ROCKY MOUNTAIN HOSPITAL&MEDICAL","TCM HEALTHCARE LLC",10/06/2023,10/07/2023,0.00
9970568553,"AARP SUPPLEMENTAL HEALTH PLANS FROM UNITEDHEALTHCARE","MONITORING ASSOCIATES",10/12/2023,10/07/2023,218.32
C23279E02418300,"BLUECROSS BLUESHIELD OF TEXAS","MONITORING ASSOCIATES LLC",10/11/2023,10/07/2023,119.09
9021951294,"RMHMS, INC. NV","TCM HEALTHCARE LLC",10/06/2023,10/07/2023,0.00
823283000152117,"AETNA","PHYSICIAN OVERSIGHT LLC",10/13/2023,10/10/2023,268.99
5460502282VT4,"TRIWEST HEALTHCARE ALLIANCE","MONITORING ASSOCIATES",10/09/2023,10/10/2023,5029.38
823282000247341,"AETNA","MONITORING ASSOCIATES LLC",10/12/2023,10/09/2023,1094.92
823282000233605,"AETNA","PHYSICIAN OVERSIGHT LLC",10/12/2023,10/09/2023,739.48
EFT2381720,"MOLINA MEDICARE","MONITORING ASSOCIATES LLC",10/06/2023,10/09/2023,362.26
117283047231007,"HUMANA INC.","JBJ INVESTMENTS LLC",10/06/2023,10/07/2023,455.61
9021951264,"RMHMS, INC. NV","TCM HEALTHCARE LLC",10/06/2023,10/07/2023,0.00
117277089231007,"HUMANA INC.","MONITORING ASSOCIATES",10/06/2023,10/07/2023,386.95
3730659,"WELLMARK BLUE CROSS BLUE SHIELD OF SOUTH DAKOTA","MONITORING ASSOCIATES LLC",10/06/2023,10/09/2023,45.99
23282B1000002533,"BLUE CROSS MEDICARE ADVANTAGE C/O PROVIDER SVCS","MONITORING ASSOCIATES LLC",10/09/2023,10/09/2023,0.00
C23277E27597450,"BLUECROSS BLUESHIELD OF ILLINOIS","MONITORING ASSOCIATES LLC",10/06/2023,10/05/2023,518.36
9021853225,"ANTHEM INSURANCE COMPANIES, INC.","MONITORING ASSOCIATES LLC",10/04/2023,10/05/2023,0.00
117131414231005,"HUMANA INC.","JBJ INVESTMENTS LLC",10/04/2023,10/05/2023,361.97
9021852411,"ANTHEM INSURANCE COMPANIES, INC.","MONITORING ASSOCIATES LLC",10/04/2023,10/05/2023,0.00
9021858691,"BCBS HEALTHCARE PLAN OF GA","MONITORING ASSOCIATES LLC",10/04/2023,10/05/2023,0.00
C23276500675440,"BLUECROSS BLUESHIELD OF NEW MEXICO","MARIA A DEJESUS MD",10/03/2023,10/04/2023,11.67
923278000292880,"AETNA","NEUROMONITORING ASSOCIATE",10/05/2023,10/05/2023,0.00
823278000202192,"AETNA","MONITORING ASSOCIATES LLC",10/11/2023,10/05/2023,652.02
117324515231008,"HUMANA INC.","MONITORING ASSOCIATES",10/07/2023,10/09/2023,352.65
923282000265580,"AETNA","NEUROMONITORING ASSOCIATE",10/09/2023,10/09/2023,0.00
Z232800700,"CALPERS","NEUROMONITORING ASSOCIATE",10/07/2023,10/09/2023,0.00
23281B1000033822,"ARIZONA PHYSICIANS IPA INC","MONITORING ASSOCIATES PROF FEES",10/12/2023,10/09/2023,0.00
117403154231009,"HUMANA INC.","MONITORING ASSOCIATES",10/08/2023,10/09/2023,1187.82
23282B1000001194,"BLUE CROSS COMMUNITY HEALTH PLANS","MONITORING ASSOCIATES",10/09/2023,10/10/2023,0.00
V499717654 20231006,"BCBSM","MONITORING ASSOCIATES LLC",10/06/2023,10/08/2023,0.00
5455858279VT4,"TRIWEST HEALTHCARE ALLIANCE","MONITORING ASSOCIATES",10/12/2023,10/11/2023,95.04
5460502282VT4,"TRIWEST HEALTHCARE ALLIANCE","MONITORING ASSOCIATES",10/12/2023,10/11/2023,5029.38
3223038665,"RMHMS, INC. NV","MONITORING ASSOCIATES LLC",10/10/2023,10/10/2023,44.65
882328201002421,"AETNA","MONITORING ASSOCIATES LLC",10/13/2023,10/10/2023,6231.23
C23282E07764990,"BLUECROSS BLUESHIELD OF TEXAS","MONITORING ASSOCIATES LLC",10/11/2023,10/10/2023,328.38
823283000202154,"AETNA","MONITORING ASSOCIATES LLC",10/13/2023,10/10/2023,45.22
9970945075,"AARP SUPPLEMENTAL HEALTH PLANS FROM UNITEDHEALTHCARE","MONITORING ASSOCIATES",10/12/2023,10/10/2023,264.88
9021988232,"RMHMS, INC. NV","TCM HEALTHCARE LLC",10/09/2023,10/10/2023,0.00
C23282E07764610,"BLUECROSS BLUESHIELD OF TEXAS","PHYSICIAN OVERSIGHT LLC",10/11/2023,10/10/2023,47590.13
9971338763,"AARP SUPPLEMENTAL HEALTH PLANS FROM UNITEDHEALTHCARE","MONITORING ASSOCIATES",10/13/2023,10/11/2023,79.67
C23283N36101230,"BLUECROSS BLUESHIELD OF TEXAS","PHYSICIAN OVERSIGHT LLC",10/10/2023,10/11/2023,0.00
3223166685,"AMERIGROUP TEXAS, INC.","MONITORING ASSOCIATES LLC",10/11/2023,10/11/2023,104.43
9022052783,"ANTHEM INSURANCE COMPANIES, INC.","MONITORING ASSOCIATES LLC",10/10/2023,10/11/2023,0.00
923284000313360,"AETNA","MONITORING ASSOCIATES LLC",10/11/2023,10/11/2023,0.00
CHKHST31453688,"MOLINA HEALTHCARE NEVADA","MONITORING ASSOCIATES LLC",10/09/2023,10/12/2023,0.00
882328501011315,"AETNA","MONITORING ASSOCIATES LLC",10/18/2023,10/13/2023,3198.14
209658911,"BCBSM","MONITORING ASSOCIATES LLC",10/13/2023,10/14/2023,167.90
C23285N36308420,"BLUECROSS BLUESHIELD OF TEXAS","PHYSICIAN OVERSIGHT LLC",10/12/2023,10/13/2023,0.00
23287B1000254524,"UNITEDHEALTHCARE","MONITORING ASSOCIATES",10/17/2023,10/13/2023,160.34
9972851508,"AARP SUPPLEMENTAL HEALTH PLANS FROM UNITEDHEALTHCARE","MONITORING ASSOCIATES",10/17/2023,10/13/2023,176.32
23287B1000015285,"ARIZONA PHYSICIANS IPA INC","MONITORING ASSOCIATES PROF FEES",10/17/2023,10/13/2023,0.00
3223289209,"AMGP GEORGIA MANAGED CARE CO INC","MONITORING ASSOCIATES LLC",10/12/2023,10/13/2023,351.43
C23284E08489490,"BLUECROSS BLUESHIELD OF TEXAS","MONITORING ASSOCIATES LLC",10/13/2023,10/12/2023,297.48
117661897231012,"HUMANA INC.","MONITORING ASSOCIATES",10/11/2023,10/12/2023,488.83
M23285E26818650,"BLUE CROSS MEDICARE ADVANTAGE C/O PROVIDER SVCS","MONITORING ASSOCIATES LLC",10/13/2023,10/12/2023,757.96
713174,"DEVOTED HEALTH PLAN OF TEXAS, INC.","MONITORING ASSOCIATES",10/13/2023,10/12/2023,368.55
9022056580,"HEALTHY ALLIANCE LIFE INS CO","INTUITUS LLC",10/10/2023,10/11/2023,0.00
117661901231012,"HUMANA INC.","MONITORING ASSOCIATES",10/11/2023,10/13/2023,46.24
9022096396,"ANTHEM INSURANCE COMPANIES, INC.","TCM HEALTHCARE LLC",10/11/2023,10/13/2023,0.00
9022094700,"ANTHEM INSURANCE COMPANIES, INC.","NEUROMONITORING ASSOCIATE",10/11/2023,10/13/2023,0.00
117731533231013,"HUMANA INC.","MONITORING ASSOCIATES",10/12/2023,10/13/2023,253.45
NO-PAY-202310130006800,"HUMANA INC.","MONITORING ASSOCIATES",10/13/2023,10/14/2023,0.00
V501115198 20231013,"BCBSM","MONITORING ASSOCIATES LLC",10/13/2023,10/15/2023,0.00
C23289E09602000,"BLUECROSS BLUESHIELD OF TEXAS","PHYSICIAN OVERSIGHT LLC",10/18/2023,10/17/2023,3574.42
118064473231017,"HUMANA INC.","MONITORING ASSOCIATES",10/16/2023,10/17/2023,232.04
C23289E28723230,"BLUECROSS BLUESHIELD OF ILLINOIS","MONITORING ASSOCIATES LLC",10/18/2023,10/17/2023,196.83
9974374734,"AARP SUPPLEMENTAL HEALTH PLANS FROM UNITEDHEALTHCARE","MONITORING ASSOCIATES",10/19/2023,10/17/2023,780.23
C23289E09602440,"BLUECROSS BLUESHIELD OF TEXAS","MONITORING ASSOCIATES LLC",10/18/2023,10/17/2023,100.37
C23289E09602450,"BLUECROSS BLUESHIELD OF TEXAS","MONITORING ASSOCIATES LLC",10/18/2023,10/17/2023,479.15
23292B100007347700,"BCBST BLUEADVANTAGE","MONITORING ASSOCIATES LLC",10/15/2023,10/16/2023,0.00
9022165772,"ANTHEM INSURANCE COMPANIES, INC.","MONITORING ASSOCIATES LLC",10/13/2023,10/17/2023,0.00
3223638668,"ROCKY MOUNTAIN HOSPITAL&MEDICAL","ALLIANCE MEDICAL ANALYTIC",10/17/2023,10/17/2023,545.32
C23289E09602010,"BLUECROSS BLUESHIELD OF TEXAS","PHYSICIAN OVERSIGHT LLC",10/18/2023,10/17/2023,16019.68
C23289N82211330,"BLUECROSS BLUESHIELD OF ILLINOIS","NEUROMONITORING ASSOCIATES",10/16/2023,10/17/2023,0.00
NO-PAY-202310160005681,"HUMANA INC.","MONITORING ASSOCIATES",10/16/2023,10/17/2023,0.00
923289000141741,"AETNA","UNIVERSITY NEURO LLC",10/16/2023,10/16/2023,0.00
CHKHST31475283,"MOLINA HEALTHCARE NEVADA","MONITORING ASSOCIATES LLC",10/13/2023,10/16/2023,0.00
923289000147955,"AETNA","PEAK NEUROMONITORING, LLP",10/16/2023,10/16/2023,0.00
923289000219543,"AETNA","ATLANTA NEUROLOGY, LLC",10/16/2023,10/16/2023,0.00
V501115198 20231013,"BCBSM","MONITORING ASSOCIATES LLC",10/13/2023,10/16/2023,0.00
3223364184,"ANTHEM INSURANCE COMPANIES, INC.","MONITORING ASSOCIATES LLC",10/13/2023,10/15/2023,431.69
V501115198 20231013,"BCBSM","MONITORING ASSOCIATES LLC",10/13/2023,10/16/2023,0.00
823289000190573,"AETNA","MONITORING ASSOCIATES LLC",10/19/2023,10/16/2023,26521.00
23288B1000010255,"ARIZONA PHYSICIANS IPA INC","MONITORING ASSOCIATES PROF FEES",10/18/2023,10/16/2023,0.00
23288B1000154169,"UNITEDHEALTHCARE","MONITORING ASSOCIATES",10/18/2023,10/16/2023,946.23
C23286N36429160,"BLUECROSS BLUESHIELD OF TEXAS","PHYSICIAN OVERSIGHT LLC",10/13/2023,10/14/2023,0.00
C23286E09207180,"BLUECROSS BLUESHIELD OF TEXAS","MONITORING ASSOCIATES LLC",10/17/2023,10/14/2023,84.48
9022104768,"BCBS HEALTHCARE PLAN OF GA","MONITORING ASSOCIATES LLC",10/11/2023,10/14/2023,0.00
9022096298,"ANTHEM INSURANCE COMPANIES, INC.","MONITORING ASSOCIATES LLC",10/11/2023,10/13/2023,0.00
882328601012359,"AETNA","MONITORING ASSOCIATES LLC",10/18/2023,10/14/2023,977.32
CHKHST31482785,"MOLINA HEALTHCARE UTAH","MONITORING ASSOCIATES LLC",10/16/2023,10/19/2023,0.00
NO-PAY-202310170006134,"HUMANA INC.","MONITORING ASSOCIATES",10/17/2023,10/18/2023,0.00
0240878139,"REGENCE BCBS OF UTAH FEP","MONITORING ASSOCIATES LLC",10/20/2023,10/18/2023,717.01
C23290E09976270,"BLUECROSS BLUESHIELD OF TEXAS","PHYSICIAN OVERSIGHT LLC",10/19/2023,10/18/2023,8390.59
23292B1000043059,"ARIZONA PHYSICIANS IPA INC","MONITORING ASSOCIATES PROF FEES",10/20/2023,10/18/2023,0.00
CHKHST35588402,"SENIOR WHOLE HEALTH MASSACHUSETTS","MONITORING ASSOCIATES LLC",10/03/2023,10/19/2023,0.00
923292000326106,"AETNA","NORTHEAST GEORGIA NEUROLOGY LLC",10/19/2023,10/19/2023,0.00
0060041297TR4,"PGBA,LLC","MONITORING ASSOCIATES",10/17/2023,10/18/2023,1217.70
C23291E10356150,"BLUECROSS BLUESHIELD OF TEXAS","MONITORING ASSOCIATES LLC",10/20/2023,10/19/2023,4334.13
2229372922,"TRICARE EAST","MONITORING ASSOCIATES",10/20/2023,10/19/2023,1280.20
3223819142,"BCBS HEALTHCARE PLAN OF GA","UNIVERSITY NEURO LLC",10/19/2023,10/19/2023,2217.42
23293B1000044705,"ARIZONA PHYSICIANS IPA INC","MONITORING ASSOCIATES PROF FEES",10/23/2023,10/19/2023,0.00
3223648848,"ANTHEM INSURANCE COMPANIES, INC.","MONITORING ASSOCIATES LLC",10/17/2023,10/19/2023,361.15
M23292E26965400,"BLUE CROSS MEDICARE ADVANTAGE C/O PROVIDER SVCS","MONITORING ASSOCIATES LLC",10/20/2023,10/19/2023,455.05
724687,"DEVOTED HEALTH PLAN OF TEXAS, INC.","MONITORING ASSOCIATES",10/24/2023,10/20/2023,155.54
3223959399,"ANTHEM INSURANCE COMPANIES, INC.","MONITORING ASSOCIATES LLC",10/20/2023,10/20/2023,373.22
C23292E10727960,"BLUECROSS BLUESHIELD OF TEXAS","PHYSICIAN OVERSIGHT LLC",10/23/2023,10/20/2023,515.82
118218318231019,"HUMANA INC.","MONITORING ASSOCIATES",10/18/2023,10/19/2023,389.55
C23291E28980080,"BLUECROSS BLUESHIELD OF ILLINOIS","MONITORING ASSOCIATES LLC",10/20/2023,10/19/2023,40.50
923292000033515,"AETNA","MONITORING ASSOCIATES LLC",10/19/2023,10/19/2023,0.00
9022234417,"RMHMS, INC. NV","NEUROMONITORING ASSOCIATE",10/16/2023,10/19/2023,0.00
992329301018763,"AETNA","Monitoring Associates LLC",10/21/2023,10/21/2023,0.00
CHKHST31492494,"MOLINA HEALTHCARE NEVADA","MONITORING ASSOCIATES LLC",10/18/2023,10/21/2023,0.00
C23293E11079050,"BLUECROSS BLUESHIELD OF TEXAS","PHYSICIAN OVERSIGHT LLC",10/24/2023,10/21/2023,254.00
C23293E11079070,"BLUECROSS BLUESHIELD OF TEXAS","PHYSICIAN OVERSIGHT LLC",10/24/2023,10/21/2023,23282.04
9022448370,"ANTHEM BCBS HEALTHCARE SOLUTIONS","MONITORING ASSOCIATES LLC",10/20/2023,10/21/2023,0.00
C23292E10727940,"BLUECROSS BLUESHIELD OF TEXAS","PHYSICIAN OVERSIGHT LLC",10/23/2023,10/20/2023,27825.25
9975883698,"AARP SUPPLEMENTAL HEALTH PLANS FROM UNITEDHEALTHCARE","MONITORING ASSOCIATES",10/24/2023,10/20/2023,40.76
724687,"DEVOTED HEALTH PLAN OF TEXAS, INC.","MONITORING ASSOCIATES",10/24/2023,10/20/2023,155.54
3223959399,"ANTHEM INSURANCE COMPANIES, INC.","MONITORING ASSOCIATES LLC",10/20/2023,10/20/2023,373.22
9022332885,"ANTHEM INSURANCE COMPANIES, INC.","MONITORING ASSOCIATES LLC",10/18/2023,10/20/2023,0.00
C23291E10356150,"BLUECROSS BLUESHIELD OF TEXAS","MONITORING ASSOCIATES LLC",10/20/2023,10/19/2023,4334.13
118218318231019,"HUMANA INC.","MONITORING ASSOCIATES",10/18/2023,10/19/2023,389.55
923293000175670,"AETNA","NEUROMONITORING ASSOCIATES LLC",10/20/2023,10/20/2023,0.00
3224080874,"AMERIGROUP TEXAS, INC.","MONITORING ASSOCIATES LLC",10/23/2023,10/21/2023,10.92
9022333351,"ANTHEM INSURANCE COMPANIES, INC.","TCM HEALTHCARE LLC",10/18/2023,10/20/2023,0.00
C23292E10728450,"BLUECROSS BLUESHIELD OF TEXAS","MONITORING ASSOCIATES LLC",10/23/2023,10/20/2023,5733.86
9022332964,"ANTHEM INSURANCE COMPANIES, INC.","TCM HEALTHCARE LLC",10/18/2023,10/20/2023,0.00
3223819141,"BCBS HEALTHCARE PLAN OF GA","UNIVERSITY NEURO",10/19/2023,10/20/2023,591.63
9022331258,"ANTHEM INSURANCE COMPANIES, INC.","MONITORING ASSOCIATES LLC",10/18/2023,10/20/2023,0.00
9022451308,"AMERIGROUP INSURANCE COMPANY","MONITORING ASSOCIATES LLC",10/20/2023,10/21/2023,0.00
V503032639 20231020,"BCBSM","MONITORING ASSOCIATES LLC",10/20/2023,10/22/2023,0.00
Z232941554,"CALPERS","MONITORING ASSOCIATES LLC",10/21/2023,10/22/2023,0.00
118444494231022,"HUMANA INC.","MONITORING ASSOCIATES",10/21/2023,10/22/2023,413.23
V502494299 20231020,"BCBSM","MONITORING ASSOCIATES LLC",10/20/2023,10/22/2023,0.00
Z232940682,"CALPERS","MONITORING ASSOCIATES LLC",10/21/2023,10/22/2023,0.00
823296000201557,"AETNA","PEAK NEUROMONITORING, LLP",10/23/2023,10/23/2023,13293.00
923296000253909,"AETNA","PHYSICIAN OVERSIGHT LLC",10/23/2023,10/23/2023,0.00
M23296E27051410,"BLUE CROSS MEDICARE ADVANTAGE C/O PROVIDER SVCS","MONITORING ASSOCIATES LLC",10/24/2023,10/23/2023,56.45
M23296E27012550,"BLUE CROSS MEDICARE ADVANTAGE C/O PROVIDER SVCS","MONITORING ASSOCIATES LLC",10/24/2023,10/23/2023,169.40
3742578,"WELLMARK BLUE CROSS BLUE SHIELD OF SOUTH DAKOTA","MONITORING ASSOCIATES LLC",10/20/2023,10/23/2023,78.94
832329700801959,"AETNA","SYNAPSE HEALTHCARE SERVICE, P.A.",10/24/2023,10/24/2023,196.32
923297000360782,"AETNA","MONITORING ASSOCIATES LLC",10/24/2023,10/24/2023,0.00
9022474761,"RMHMS, INC. NV","TCM HEALTHCARE LLC",10/23/2023,10/24/2023,0.00
0006585603,"ROCKY MOUNTAIN HOSPITAL&MEDICAL","TCM HEALTHCARE LLC",10/23/2023,10/24/2023,1683.64
3224232339,"ANTHEM INSURANCE COMPANIES, INC.","MONITORING ASSOCIATES LLC",10/24/2023,10/24/2023,208.89
923277000057695,"AETNA","JOHNS CREEK NEUROLOGY, LLC",10/04/2023,10/04/2023,0.00
823277000149182,"AETNA","PHYSICIAN OVERSIGHT LLC",10/04/2023,10/04/2023,512.90
0060017862TR4,"PGBA,LLC","MONITORING ASSOCIATES",10/03/2023,10/04/2023,207.26
823277000149182,"AETNA","PHYSICIAN OVERSIGHT LLC",10/10/2023,10/04/2023,512.90
923277000149175,"AETNA","PHYSICIAN OVERSIGHT LLC",10/04/2023,10/04/2023,0.00
11689801,"BLUE CROSS COMMUNITY HEALTH PLANS","MONITORING ASSOCIATES",10/04/2023,10/04/2023,4962.22
C23276E06299410,"BLUECROSS BLUESHIELD OF TEXAS","PHYSICIAN OVERSIGHT LLC",10/05/2023,10/04/2023,5211.13
823270000215723,"AETNA","MONITORING ASSOCIATES LLC",10/02/2023,09/27/2023,464.06
892327001035478,"AETNA","PHYSICIAN OVERSIGHT LLC",10/03/2023,09/28/2023,206.19
9966759315,"AARP SUPPLEMENTAL HEALTH PLANS FROM UNITEDHEALTHCARE","MONITORING ASSOCIATES",10/03/2023,09/29/2023,11.67
882327101020314,"AETNA","MONITORING ASSOCIATES LLC",10/04/2023,09/29/2023,2500.89
9021809949,"ANTHEM INSURANCE COMPANIES, INC.","MONITORING ASSOCIATES LLC",10/03/2023,10/04/2023,0.00
9021747652,"RMHMS, INC. NV","NEUROMONITORING ASSOCIATE",10/02/2023,10/04/2023,0.00
9021747878,"RMHMS, INC. NV","MONITORING ASSOCIATES LLC",10/02/2023,10/04/2023,0.00
9021810414,"ANTHEM INSURANCE COMPANIES, INC.","MONITORING ASSOCIATES LLC",10/03/2023,10/04/2023,0.00
9021747728,"RMHMS, INC. NV","TCM HEALTHCARE",10/02/2023,10/04/2023,0.00
9021748162,"RMHMS, INC. NV","NEUROMONITORING ASSOCIATE",10/02/2023,10/04/2023,0.00
9021747649,"RMHMS, INC. NV","NEUROMONITORING ASSOCIATE",10/02/2023,10/04/2023,0.00
9021746643,"ROCKY MOUNTAIN HOSPITAL&MEDICAL","PEAK NEURO MONITORING LLC",10/02/2023,10/04/2023,0.00
9021747879,"RMHMS, INC. NV","MONITORING ASSOCIATES LLC",10/02/2023,10/04/2023,0.00
923276000220131,"AETNA","JBJ INVESTMENTS LLC",10/03/2023,10/03/2023,0.00
823275000177736,"AETNA","NORTHEAST GEORGIA NEUROLOGY LLC",10/02/2023,10/02/2023,224.14
706307,"DEVOTED HEALTH PLAN OF TEXAS, INC.","MONITORING ASSOCIATES",10/04/2023,10/02/2023,538.57
923276000219325,"AETNA","PHYSICIAN OVERSIGHT LLC",10/03/2023,10/03/2023,0.00
0060008970TR4,"PGBA,LLC","MONITORING ASSOCIATES",10/02/2023,10/03/2023,18100.03
C23275E27356570,"BLUECROSS BLUESHIELD OF ILLINOIS","MONITORING ASSOCIATES LLC",10/04/2023,10/03/2023,1023.50
116985317231003,"HUMANA INC.","MONITORING ASSOCIATES",10/02/2023,10/03/2023,386.95
C23275E05951340,"BLUECROSS BLUESHIELD OF TEXAS","PHYSICIAN OVERSIGHT LLC",10/04/2023,10/03/2023,13546.20
882327501010292,"AETNA","MONITORING ASSOCIATES LLC",10/06/2023,10/03/2023,896.40
704770479,"Health Options, Inc.","MONITORING ASSOCIATES, LLC",10/02/2023,10/03/2023,592.36
116985315231003,"HUMANA INC.","MONITORING ASSOCIATES",10/02/2023,10/03/2023,99.22
C23275E05951810,"BLUECROSS BLUESHIELD OF TEXAS","MONITORING ASSOCIATES LLC",10/04/2023,10/03/2023,1194.69
823275000223853,"AETNA","PEAK NEUROMONITORING, LLP",10/02/2023,10/02/2023,1155.45
823275000140195,"AETNA","PHYSICIAN OVERSIGHT LLC",10/05/2023,10/02/2023,5245.34
923275000140170,"AETNA","PHYSICIAN OVERSIGHT LLC",10/02/2023,10/02/2023,0.00
3222283006,"ANTHEM BCBS HEALTHCARE SOLUTIONS","NEUROMONITORING ASSOCIATES",10/02/2023,09/30/2023,1080.00
3222282996,"RMHMS, INC. NV","MONITORING ASSOCIATES LLC",10/02/2023,09/30/2023,539.62
923275000136111,"AETNA","NEUROMONITORING ASSOCIATE",10/02/2023,10/02/2023,0.00
M23275E26520660,"BLUE CROSS MEDICARE ADVANTAGE C/O PROVIDER SVCS","MONITORING ASSOCIATES LLC",10/03/2023,10/02/2023,203.96
923275000223789,"AETNA","ALLIANCE MEDICAL ANALYTICS, LLC",10/02/2023,10/02/2023,0.00
1000000003199355,"ARIZONA PHYSICIANS IPA INC","MONITORING ASSOCIATES PROF FEES",10/04/2023,10/02/2023,0.00
9021748513,"RMHMS, INC. NV","TCM HEALTHCARE LLC",10/02/2023,10/04/2023,0.00
9021841601,"AMERIGROUP INSURANCE COMPANY","MONITORING ASSOCIATES LLC",10/03/2023,10/04/2023,0.00
9968316548,"AARP SUPPLEMENTAL HEALTH PLANS FROM UNITEDHEALTHCARE","MONITORING ASSOCIATES",10/06/2023,10/04/2023,158.54
9021809950,"ANTHEM INSURANCE COMPANIES, INC.","MONITORING ASSOCIATES LLC",10/03/2023,10/04/2023,0.00
823278000262661,"AETNA","PHYSICIAN OVERSIGHT LLC",10/11/2023,10/05/2023,2108.88
923278000262654,"AETNA","PHYSICIAN OVERSIGHT LLC",10/05/2023,10/05/2023,0.00
5425725271VT3,"TRIWEST HEALTHCARE ALLIANCE","MONITORING ASSOCIATES",10/03/2023,09/30/2023,2906.81
C23272E05550210,"BLUECROSS BLUESHIELD OF TEXAS","PHYSICIAN OVERSIGHT LLC",10/03/2023,09/30/2023,36674.68
C23276N81566890,"BLUECROSS BLUESHIELD OF ILLINOIS","MONITORING ASSOCIATES LLC",10/03/2023,10/04/2023,0.00
9021747877,"RMHMS, INC. NV","MONITORING ASSOCIATES LLC",10/02/2023,10/04/2023,0.00
9021748135,"RMHMS, INC. NV","MONITORING ASSOCIATES LLC",10/02/2023,10/04/2023,0.00
11689801,"BLUE CROSS COMMUNITY HEALTH PLANS","MONITORING ASSOCIATES",10/04/2023,10/05/2023,4962.22
V499717654 20231006,"BCBSM","MONITORING ASSOCIATES LLC",10/06/2023,10/07/2023,0.00
V500272373 20231006,"BCBSM","MONITORING ASSOCIATES LLC",10/06/2023,10/07/2023,0.00
882327901033662,"AETNA","JBJ Investments LLC",10/07/2023,10/07/2023,1020.64
117277091231007,"HUMANA INC.","MONITORING ASSOCIATES",10/06/2023,10/07/2023,728.33
117277090231007,"HUMANA INC.","MONITORING ASSOCIATES",10/06/2023,10/07/2023,895.76
C23279E07373220,"BLUECROSS BLUESHIELD OF TEXAS","PHYSICIAN OVERSIGHT LLC",10/11/2023,10/07/2023,20615.99
9021951236,"RMHMS, INC. NV","MONITORING ASSOCIATES LLC",10/06/2023,10/07/2023,0.00
9021952766,"ANTHEM HEALTH PLANS, INC (CT)","MOCHIZUKI KEVIN AUD",10/06/2023,10/07/2023,0.00
3222880045,"ANTHEM BCBS HEALTHCARE SOLUTIONS","MONITORING ASSOCIATES LLC",10/10/2023,10/07/2023,1349.22
117277088231007,"HUMANA INC.","MONITORING ASSOCIATES",10/06/2023,10/07/2023,386.95
C23279E07373740,"BLUECROSS BLUESHIELD OF TEXAS","MONITORING ASSOCIATES LLC",10/11/2023,10/07/2023,48.46
V500272373 20231006,"BCBSM","MONITORING ASSOCIATES LLC",10/06/2023,10/08/2023,0.00
882327801005425,"AETNA","MONITORING ASSOCIATES LLC",10/12/2023,10/06/2023,4361.99
23280B1000039571,"ARIZONA PHYSICIANS IPA INC","MONITORING ASSOCIATES PROF FEES",10/11/2023,10/06/2023,0.00
117196251231006,"HUMANA INC.","MONITORING ASSOCIATES",10/05/2023,10/06/2023,10.90
23280B1000014111,"ARIZONA PHYSICIANS IPA INC","MONITORING ASSOCIATES PROF FEES",10/11/2023,10/06/2023,0.00
23279B1000001224,"BLUE CROSS COMMUNITY HEALTH PLANS","MONITORING ASSOCIATES",10/06/2023,10/07/2023,0.00
23275B1000001555,"BLUE CROSS COMMUNITY HEALTH PLANS","MONITORING ASSOCIATES",10/02/2023,10/07/2023,0.00
C23278E07015780,"BLUECROSS BLUESHIELD OF TEXAS","PHYSICIAN OVERSIGHT LLC",10/10/2023,10/06/2023,18622.74
R35031005004244,"TRIWEST HEALTHCARE ALLIANCE","MONITORING ASSOCIATES",10/05/2023,10/06/2023,0.00
823279000116662,"AETNA","PHYSICIAN OVERSIGHT LLC",10/12/2023,10/06/2023,879.61
R35031005002797,"TRIWEST HEALTHCARE ALLIANCE","MONITORING ASSOCIATES",10/05/2023,10/06/2023,0.00
9021853949,"ANTHEM INSURANCE COMPANIES, INC.","NEUROMONITORING ASSOCIATE",10/04/2023,10/05/2023,0.00
117131413231005,"HUMANA INC.","JBJ INVESTMENTS LLC",10/04/2023,10/05/2023,923.24
117127552231005,"HUMANA INC.","MONITORING ASSOCIATES",10/04/2023,10/05/2023,103.15
3222627916,"BCBS HEALTHCARE PLAN OF GA","UNIVERSITY NEURO LLC",10/05/2023,10/05/2023,421.24
9021858692,"BCBS HEALTHCARE PLAN OF GA","MONITORING ASSOCIATES LLC",10/04/2023,10/05/2023,0.00
C23277N35873160,"BLUECROSS BLUESHIELD OF TEXAS","MONITORING ASSOCIATES LLC",10/04/2023,10/05/2023,0.00
C23278N35943000,"BLUECROSS BLUESHIELD OF TEXAS","MONITORING ASSOCIATES LLC",10/05/2023,10/06/2023,0.00
882327701010635,"AETNA","Monitoring Associates LLC",10/05/2023,10/05/2023,3100.96
C23276500704960,"BLUECROSS BLUESHIELD OF NEW MEXICO","ANDREW C HSU MD",10/03/2023,10/04/2023,45.39
823278000202185,"AETNA","MONITORING ASSOCIATES LLC",10/05/2023,10/05/2023,193.24
C23277N81655110,"BLUECROSS BLUESHIELD OF ILLINOIS","MONITORING ASSOCIATES LLC",10/04/2023,10/05/2023,0.00
C23277N35873150,"BLUECROSS BLUESHIELD OF TEXAS","MONITORING ASSOCIATES LLC",10/04/2023,10/05/2023,0.00
C23277E06673000,"BLUECROSS BLUESHIELD OF TEXAS","PHYSICIAN OVERSIGHT LLC",10/06/2023,10/05/2023,23422.28
9021854007,"ANTHEM INSURANCE COMPANIES, INC.","MONITORING ASSOCIATES LLC",10/04/2023,10/05/2023,0.00
823278000202189,"AETNA","MONITORING ASSOCIATES LLC",10/11/2023,10/05/2023,43.95
NO-PAY-202310040008720,"HUMANA INC.","MONITORING ASSOCIATES",10/04/2023,10/05/2023,0.00
9021846050,"BCBS FEP","MONITORING ASSOCIATES LLC",10/04/2023,10/05/2023,0.00
C23276E06299380,"BLUECROSS BLUESHIELD OF TEXAS","PHYSICIAN OVERSIGHT LLC",10/05/2023,10/04/2023,1396.13
823278000202189,"AETNA","MONITORING ASSOCIATES LLC",10/05/2023,10/05/2023,43.95
000310361735,"ABCBS DBA BLUEADVANTAGE ADMIN OF AR","MONITORING ASSOCIATES LL",10/09/2023,10/09/2023,0.00
737930120,"BLUE CROSS AND BLUE SHIELD OF MASS","MONITORING ASSOCIATES LLC",10/12/2023,10/07/2023,214.61
117403155231009,"HUMANA INC.","MONITORING ASSOCIATES",10/08/2023,10/09/2023,300.93
117403152231009,"HUMANA INC.","MONITORING ASSOCIATES",10/08/2023,10/09/2023,388.52
117326421231008,"HUMANA INC.","INTUITUS LLC",10/07/2023,10/09/2023,1674.50
823282000233618,"AETNA","PHYSICIAN OVERSIGHT LLC",10/12/2023,10/09/2023,9470.97
923282000244418,"AETNA","NORTHEAST GEORGIA NEUROLOGY LLC",10/09/2023,10/09/2023,0.00
000130107176,"HMO PARTNERS DBA HEALTH ADVANTAGE","MONITORING ASSOCIATES LLC",10/13/2023,10/09/2023,0.00
117411569231009,"HUMANA INC.","JBJ INVESTMENTS LLC",10/08/2023,10/09/2023,42.53
23285B100008052400,"BCBST BLUEADVANTAGE","MONITORING ASSOCIATES LLC",10/12/2023,10/09/2023,203.41
Z232800827,"CALPERS","NEUROMONITORING ASSOCIATE",10/07/2023,10/09/2023,0.00
710846,"DEVOTED HEALTH PLAN OF TEXAS, INC.","MONITORING ASSOCIATES",10/10/2023,10/06/2023,181.02
C23278E27722170,"BLUECROSS BLUESHIELD OF ILLINOIS","MONITORING ASSOCIATES LLC",10/10/2023,10/06/2023,4140.61
882328001006037,"AETNA","MONITORING ASSOCIATES LLC",10/12/2023,10/09/2023,2591.25
3223038664,"RMHMS, INC. NV","MCAULIFFE MATTHEW MD",10/10/2023,10/10/2023,74.72
C23282N81854430,"BLUECROSS BLUESHIELD OF ILLINOIS","MONITORING ASSOCIATES LLC",10/09/2023,10/10/2023,0.00
0060027962TR4,"PGBA,LLC","MONITORING ASSOCIATES",10/10/2023,10/11/2023,1378.52
3222946406,"ROCKY MOUNTAIN HOSPITAL&MEDICAL","NEUROMONITORING ASSOCIATE",10/10/2023,10/10/2023,69.15
0004829162,"RMHMS, INC. NV","SEIFF PROFESSIONAL SERVIC",10/09/2023,10/10/2023,543.96
0004829145,"RMHMS, INC. NV","RAPPAPORT SAFE TECH PLLC",10/09/2023,10/10/2023,24003.20
C23282E07764590,"BLUECROSS BLUESHIELD OF TEXAS","PHYSICIAN OVERSIGHT LLC",10/11/2023,10/10/2023,3641.82
3223038662,"ANTHEM INSURANCE COMPANIES, INC.","MONITORING ASSOCIATES LLC",10/10/2023,10/10/2023,77.46
C23282E07765010,"BLUECROSS BLUESHIELD OF TEXAS","MONITORING ASSOCIATES LLC",10/11/2023,10/10/2023,1220.10
3223038666,"AMERIGROUP TENNESSEE, INC.","MONITORING ASSOCIATES LLC",10/11/2023,10/10/2023,120.66
C23282E28026550,"BLUECROSS BLUESHIELD OF ILLINOIS","MONITORING ASSOCIATES LLC",10/11/2023,10/10/2023,1287.41
C23282E07765000,"BLUECROSS BLUESHIELD OF TEXAS","MONITORING ASSOCIATES LLC",10/11/2023,10/10/2023,7.16
9021987553,"RMHMS, INC. NV","MONITORING ASSOCIATES LLC",10/09/2023,10/10/2023,0.00
210935013,"Florida Blue","MONITORING ASSOCIATES, LLC",10/10/2023,10/10/2023,138.99
923285000224953,"AETNA","NEUROMONITORING ASSOCIATE",10/12/2023,10/12/2023,0.00
823286000182857,"AETNA","PHYSICIAN OVERSIGHT LLC",10/18/2023,10/13/2023,869.74
823285000194169,"AETNA","EDGE NEURODIAGNOSTICS PLLC",10/12/2023,10/12/2023,3919.30
117661899231012,"HUMANA INC.","MONITORING ASSOCIATES",10/11/2023,10/12/2023,2967.69
R35031012003833,"TRIWEST HEALTHCARE ALLIANCE","MONITORING ASSOCIATES",10/12/2023,10/13/2023,0.00
9972074137,"AARP SUPPLEMENTAL HEALTH PLANS FROM UNITEDHEALTHCARE","MONITORING ASSOCIATES",10/16/2023,10/12/2023,11.52
C23284E08489030,"BLUECROSS BLUESHIELD OF TEXAS","PHYSICIAN OVERSIGHT LLC",10/13/2023,10/12/2023,64128.56
C23284E28278290,"BLUECROSS BLUESHIELD OF ILLINOIS","MONITORING ASSOCIATES LLC",10/13/2023,10/12/2023,16168.56
C23283E02530030,"BLUECROSS BLUESHIELD OF TEXAS","MONITORING ASSOCIATES LLC",10/12/2023,10/11/2023,1359.07
2229129189,"TRICARE EAST","MONITORING ASSOCIATES",10/12/2023,10/11/2023,478.10
23284B1000029384,"ARIZONA PHYSICIANS IPA INC","MONITORING ASSOCIATES PROF FEES",10/13/2023,10/11/2023,0.00
C23283E08130020,"BLUECROSS BLUESHIELD OF TEXAS","PHYSICIAN OVERSIGHT LLC",10/12/2023,10/11/2023,20821.77
23284B1000069117,"ARIZONA PHYSICIANS IPA INC","MONITORING ASSOCIATES PROF FEES",10/13/2023,10/11/2023,0.00
C23283E28154350,"BLUECROSS BLUESHIELD OF ILLINOIS","MONITORING ASSOCIATES LLC",10/12/2023,10/11/2023,2017.98
3223166684,"ANTHEM HEALTH PLANS OF KY, INC.","MONITORING ASSOCIATES LLC",10/11/2023,10/11/2023,95.61
9022055653,"HEALTHY ALLIANCE LIFE INS CO","INTUITUS",10/10/2023,10/11/2023,0.00
23284B1001387739,"UNITEDHEALTHCARE PLAN OF THE RIVER VALLEY INC","MONITORING ASSOCIATES PROF FEES",10/13/2023,10/11/2023,0.00
C23283E08130460,"BLUECROSS BLUESHIELD OF TEXAS","MONITORING ASSOCIATES LLC",10/12/2023,10/11/2023,1457.12
117585691231011,"HUMANA INC.","MONITORING ASSOCIATES",10/10/2023,10/11/2023,267.73
C23283N36140310,"BLUECROSS BLUESHIELD OF TEXAS","HARROD HEALTHCARE SERVICES",10/10/2023,10/11/2023,0.00
117731532231013,"HUMANA INC.","MONITORING ASSOCIATES",10/12/2023,10/13/2023,1201.48
C23285E08853150,"BLUECROSS BLUESHIELD OF TEXAS","MONITORING ASSOCIATES LLC",10/16/2023,10/13/2023,935.92
C23285E08852750,"BLUECROSS BLUESHIELD OF TEXAS","PHYSICIAN OVERSIGHT LLC",10/16/2023,10/13/2023,11556.40
9022118688,"HEALTHY BLUE","MONITORING ASSOCIATES LLC",10/11/2023,10/13/2023,0.00
117661898231012,"HUMANA INC.","MONITORING ASSOCIATES",10/11/2023,10/13/2023,2477.69
23287B1000459484,"UNITEDHEALTHCARE PLAN OF THE RIVER VALLEY INC","MONITORING ASSOCIATES",10/17/2023,10/13/2023,0.00
923286000028379,"AETNA","MONITORING ASSOCIATES LLC",10/13/2023,10/13/2023,0.00
CHKHST31466074,"MOLINA HEALTHCARE NEVADA","MONITORING ASSOCIATES LLC",10/11/2023,10/14/2023,0.00
9022096327,"ANTHEM INSURANCE COMPANIES, INC.","MONITORING ASSOCIATES LLC",10/11/2023,10/13/2023,0.00
C23285E08852760,"BLUECROSS BLUESHIELD OF TEXAS","PHYSICIAN OVERSIGHT LLC",10/16/2023,10/13/2023,655.07
3223218001,"BCBS HEALTHCARE PLAN OF GA","UNIVERSITY NEURO",10/12/2023,10/13/2023,6234.61
NO-PAY-202310120009212,"HUMANA INC.","MONITORING ASSOCIATES",10/12/2023,10/13/2023,0.00
NO-PAY-202310120011298,"HUMANA INC.","INTUITUS LLC",10/12/2023,10/13/2023,0.00
9973428296,"AARP SUPPLEMENTAL HEALTH PLANS FROM UNITEDHEALTHCARE","MONITORING ASSOCIATES",10/18/2023,10/14/2023,186.53
737983582,"BLUE CROSS AND BLUE SHIELD OF MASS","MONITORING ASSOCIATES LLC",10/18/2023,10/14/2023,137.91
3223218000,"BCBS HEALTHCARE PLAN OF GA","UNIVERSITY NEURO LLC",10/12/2023,10/14/2023,2218.99
9022096633,"ANTHEM INSURANCE COMPANIES, INC.","C AND C NEUROLOGICAL ASSO",10/11/2023,10/14/2023,0.00
9022096382,"ANTHEM INSURANCE COMPANIES, INC.","TCM HEALTHCARE LLC",10/11/2023,10/14/2023,0.00
V501115198 20231013,"BCBSM","MONITORING ASSOCIATES LLC",10/13/2023,10/14/2023,0.00
C23286E02684960,"BLUECROSS BLUESHIELD OF TEXAS","MONITORING ASSOCIATES LLC",10/17/2023,10/14/2023,389.65
C23286E09206640,"BLUECROSS BLUESHIELD OF TEXAS","PHYSICIAN OVERSIGHT LLC",10/17/2023,10/14/2023,17970.04
9022096229,"ANTHEM INSURANCE COMPANIES, INC.","NEUROMONITORING ASSOCIATE",10/11/2023,10/14/2023,0.00
3223289210,"AMERIGROUP INSURANCE COMPANY","MONITORING ASSOCIATES LLC",10/12/2023,10/14/2023,79.27
117811770231014,"HUMANA INC.","MONITORING ASSOCIATES",10/13/2023,10/14/2023,362.30
209658911,"BCBSM","MONITORING ASSOCIATES LLC",10/13/2023,10/15/2023,167.90
823290000162924,"AETNA","PHYSICIAN OVERSIGHT LLC",10/20/2023,10/17/2023,2210.48
209658911,"BCBSM","MONITORING ASSOCIATES LLC",10/13/2023,10/16/2023,167.90
882328901007114,"AETNA","MONITORING ASSOCIATES LLC",10/20/2023,10/17/2023,790.60
720669,"DEVOTED HEALTH PLAN OF TEXAS, INC.","MONITORING ASSOCIATES",10/19/2023,10/17/2023,377.26
C23289E09602460,"BLUECROSS BLUESHIELD OF TEXAS","MONITORING ASSOCIATES LLC",10/18/2023,10/17/2023,167.21
V501115198 20231013,"BCBSM","MONITORING ASSOCIATES LLC",10/13/2023,10/15/2023,0.00
3223364185,"ANTHEM INSURANCE COMPANIES, INC.","MONITORING ASSOCIATES LLC",10/13/2023,10/15/2023,203.44
209658911,"BCBSM","MONITORING ASSOCIATES LLC",10/13/2023,10/15/2023,167.90
823289000164437,"AETNA","PHYSICIAN OVERSIGHT LLC",10/19/2023,10/16/2023,185.41
M23289E26884710,"BLUE CROSS MEDICARE ADVANTAGE C/O PROVIDER SVCS","MONITORING ASSOCIATES LLC",10/17/2023,10/16/2023,57.30
23292B100087827700,"BLUECROSS BLUESHIELD OF TENNESSEE","MONITORING ASSOCIATES LLC",10/15/2023,10/16/2023,0.00
M23289E26888820,"BLUE CROSS MEDICARE ADVANTAGE C/O PROVIDER SVCS","PHYSICIAN OVERSIGHT LLC",10/17/2023,10/16/2023,55.10
209658911,"BCBSM","MONITORING ASSOCIATES LLC",10/13/2023,10/16/2023,167.90
117974135231016,"HUMANA INC.","MONITORING ASSOCIATES",10/15/2023,10/16/2023,603.79
850696256,"Florida Blue","MONITORING ASSOCIATES, LLC",10/16/2023,10/16/2023,242.18
9022212373,"AMERIGROUP INSURANCE COMPANY","MONITORING ASSOCIATES LLC",10/13/2023,10/17/2023,0.00
923291000238188,"AETNA","NEUROMONITORING ASSOCIATES LLC,JONATHAN,M",10/18/2023,10/18/2023,0.00
9022207693,"AMERIGROUP TEXAS, INC.","MONITORING ASSOCIATES LLC",10/13/2023,10/18/2023,0.00
C23290E09976260,"BLUECROSS BLUESHIELD OF TEXAS","PHYSICIAN OVERSIGHT LLC",10/19/2023,10/18/2023,43737.04
23291B1000656742,"UNITEDHEALTHCARE","MONITORING ASSOCIATES",10/20/2023,10/18/2023,116.22
4000138007,"TRICARE EAST","MONITORING ASSOCIATES",10/19/2023,10/18/2023,333.37
9022209579,"ANTHEM BCBS HEALTHCARE SOLUTIONS","MONITORING ASSOCIATES LLC",10/13/2023,10/18/2023,0.00
C23290E28850630,"BLUECROSS BLUESHIELD OF ILLINOIS","MONITORING ASSOCIATES LLC",10/19/2023,10/18/2023,1014.35
23291B1000077089,"ARIZONA PHYSICIANS IPA INC","MONITORING ASSOCIATES PROF FEES",10/20/2023,10/18/2023,0.00
0014405556,"ANTHEM BC LIFE & HEALTH INS CO","TCM HEALTHCARE LLC",10/13/2023,10/18/2023,1676.76
923292000325972,"AETNA","INTUITUS, LLC",10/19/2023,10/19/2023,0.00
23293B1000021065,"ARIZONA PHYSICIANS IPA INC","MONITORING ASSOCIATES PROF FEES",10/23/2023,10/19/2023,0.00
C23291E10355580,"BLUECROSS BLUESHIELD OF TEXAS","PHYSICIAN OVERSIGHT LLC",10/20/2023,10/19/2023,19337.85
C23291E10356170,"BLUECROSS BLUESHIELD OF TEXAS","MONITORING ASSOCIATES LLC",10/20/2023,10/19/2023,2315.19
23292B1000001635,"BLUE CROSS MEDICARE ADVANTAGE C/O PROVIDER SVCS","MONITORING ASSOCIATES LLC",10/19/2023,10/19/2023,0.00
AB0009328228,"ARKANSAS BLUE CROSS AND BLUE SHIELD","MONITORING ASSOCIATES LL",10/23/2023,10/19/2023,592.61
9022234916,"RMHMS, INC. NV","MONITORING ASSOCIATES LLC",10/16/2023,10/19/2023,0.00
9022332670,"ANTHEM INSURANCE COMPANIES, INC.","NEUROMONITORING ASSOCIATE",10/18/2023,10/19/2023,0.00
9022233322,"ROCKY MOUNTAIN HOSPITAL&MEDICAL","PEAK NEURO MONITORING LLC",10/16/2023,10/19/2023,0.00
118218317231019,"HUMANA INC.","MONITORING ASSOCIATES",10/18/2023,10/19/2023,249.76
C23291E10355590,"BLUECROSS BLUESHIELD OF TEXAS","PHYSICIAN OVERSIGHT LLC",10/20/2023,10/19/2023,24305.46
C23291E28980070,"BLUECROSS BLUESHIELD OF ILLINOIS","MONITORING ASSOCIATES LLC",10/20/2023,10/19/2023,599.74
9022225354,"ANTHEM INSURANCE COMPANIES, INC.","MONITORING ASSOCIATES LLC",10/16/2023,10/19/2023,0.00
C23291N36706190,"BLUECROSS BLUESHIELD OF TEXAS","PHYSICIAN OVERSIGHT LLC",10/18/2023,10/19/2023,0.00
3223819140,"BCBS HEALTHCARE PLAN OF GA","UNIVERSITY NEURO LLC",10/19/2023,10/19/2023,604.89
C23291E10356160,"BLUECROSS BLUESHIELD OF TEXAS","MONITORING ASSOCIATES LLC",10/20/2023,10/19/2023,247.97
3223648849,"RMHMS, INC. NV","MONITORING ASSOCIATES LLC",10/17/2023,10/19/2023,21.05
9022234634,"RMHMS, INC. NV","MONITORING ASSOCIATES LLC",10/16/2023,10/19/2023,0.00
C23291E10355600,"BLUECROSS BLUESHIELD OF TEXAS","PHYSICIAN OVERSIGHT LLC",10/20/2023,10/19/2023,7621.19
NO-PAY-202310190007859,"HUMANA INC.","MONITORING ASSOCIATES",10/19/2023,10/20/2023,0.00
922459,"DEVOTED HEALTH PLAN OF FLORIDA, INC.","MONITORING ASSOCIATES",10/24/2023,10/20/2023,0.00
3223884794,"BCBS FEP","MONITORING ASSOCIATES LLC",10/19/2023,10/20/2023,554.75
5400418292VT4,"TRIWEST HEALTHCARE ALLIANCE","MONITORING ASSOCIATES",10/24/2023,10/21/2023,297.38
C23291N36706190,"BLUECROSS BLUESHIELD OF TEXAS","PHYSICIAN OVERSIGHT LLC",10/18/2023,10/19/2023,0.00
9022225354,"ANTHEM INSURANCE COMPANIES, INC.","MONITORING ASSOCIATES LLC",10/16/2023,10/19/2023,0.00
23293B1000021065,"ARIZONA PHYSICIANS IPA INC","MONITORING ASSOCIATES PROF FEES",10/23/2023,10/19/2023,0.00
3223819140,"BCBS HEALTHCARE PLAN OF GA","UNIVERSITY NEURO LLC",10/19/2023,10/19/2023,604.89
AB0009328228,"ARKANSAS BLUE CROSS AND BLUE SHIELD","MONITORING ASSOCIATES LL",10/23/2023,10/19/2023,592.61
9022234916,"RMHMS, INC. NV","MONITORING ASSOCIATES LLC",10/16/2023,10/19/2023,0.00
C23291E10356170,"BLUECROSS BLUESHIELD OF TEXAS","MONITORING ASSOCIATES LLC",10/20/2023,10/19/2023,2315.19
C23291E28980070,"BLUECROSS BLUESHIELD OF ILLINOIS","MONITORING ASSOCIATES LLC",10/20/2023,10/19/2023,599.74
C23291E10355580,"BLUECROSS BLUESHIELD OF TEXAS","PHYSICIAN OVERSIGHT LLC",10/20/2023,10/19/2023,19337.85
C23291E10355600,"BLUECROSS BLUESHIELD OF TEXAS","PHYSICIAN OVERSIGHT LLC",10/20/2023,10/19/2023,7621.19
23292B1000001635,"BLUE CROSS MEDICARE ADVANTAGE C/O PROVIDER SVCS","MONITORING ASSOCIATES LLC",10/19/2023,10/19/2023,0.00
C23291E10356160,"BLUECROSS BLUESHIELD OF TEXAS","MONITORING ASSOCIATES LLC",10/20/2023,10/19/2023,247.97
118218317231019,"HUMANA INC.","MONITORING ASSOCIATES",10/18/2023,10/19/2023,249.76
3223709500,"BCBS HEALTHCARE PLAN OF GA","UNIVERSITY NEURO",10/18/2023,10/20/2023,577.73
3223771844,"ANTHEM INSURANCE COMPANIES, INC.","MONITORING ASSOCIATES LLC",10/18/2023,10/20/2023,1138.30
C23292N36722950,"BLUECROSS BLUESHIELD OF TEXAS","MONITORING ASSOCIATES LLC",10/19/2023,10/20/2023,0.00
2229404962,"TRICARE EAST","MONITORING ASSOCIATES",10/23/2023,10/20/2023,537.92
C23293E29266410,"BLUECROSS BLUESHIELD OF ILLINOIS","MONITORING ASSOCIATES LLC",10/24/2023,10/21/2023,2937.27
118444493231022,"HUMANA INC.","MONITORING ASSOCIATES",10/21/2023,10/22/2023,616.59
C23293E11079060,"BLUECROSS BLUESHIELD OF TEXAS","PHYSICIAN OVERSIGHT LLC",10/24/2023,10/21/2023,10355.60
23296B1000003268,"BLUE CROSS MEDICARE ADVANTAGE C/O PROVIDER SVCS","MONITORING ASSOCIATES LLC",10/23/2023,10/23/2023,0.00
923296000194617,"AETNA","UNIVERSITY NEURO LLC",10/23/2023,10/23/2023,0.00
3224146461,"ROCKY MOUNTAIN HOSPITAL&MEDICAL","NEUROMONITORING ASSOCIATE",10/24/2023,10/24/2023,2445.61
23296B100021108200,"BLUE CARE NETWORK OF MICHIGAN","MONITORING ASSOCIATES LLC",10/22/2023,10/24/2023,0.00
9022474091,"RMHMS, INC. NV","MONITORING ASSOCIATES LLC",10/23/2023,10/24/2023,0.00
9022473915,"RMHMS, INC. NV","NEUROMONITORING ASSOCIATE",10/23/2023,10/24/2023,0.00
9022474090,"RMHMS, INC. NV","MONITORING ASSOCIATES LLC",10/23/2023,10/24/2023,0.00
9022474093,"RMHMS, INC. NV","MONITORING ASSOCIATES LLC",10/23/2023,10/24/2023,0.00
3224232345,"RMHMS, INC. NV","NEUROMONITORING ASSOCIATE",10/24/2023,10/24/2023,220.30
0004830447,"RMHMS, INC. NV","TCM HEALTHCARE",10/23/2023,10/24/2023,738.78
9022472872,"ROCKY MOUNTAIN HOSPITAL&MEDICAL","PEAK NEURO MONITORING LLC",10/23/2023,10/24/2023,0.00
3224232340,"RMHMS, INC. NV","MONITORING ASSOCIATES",10/24/2023,10/24/2023,22.18
